timestamp,linear_x,linear_y,angular_z
0.092,0.00010879280269504182,1.7180670883007804e-07,-7.856868261955407e-05
0.098,4.043064784681089e-05,-5.305233452200626e-06,-5.376875498858983e-05
0.121,3.311515015274553e-05,-8.76846899623394e-07,-7.103370366955137e-06
0.165,-7.31820885241712e-06,-1.98673785156631e-06,-2.4583660677516434e-05
0.199,-1.4824102482905521e-05,-5.420473987605606e-07,-1.4513515065007107e-06
0.242,-2.252309494048837e-05,-1.506364484465804e-07,5.798416578237255e-06
0.273,0.00022372165576211791,0.000523743801409274,-0.0006801239291998641
0.294,4.6405555312122063e-07,4.9965480991469285e-06,8.102091466193992e-05
0.32,-2.559173398285078e-06,1.7266766642885057e-05,0.00026591892206138127
0.356,-3.124587804306202e-06,2.1167657540115742e-05,0.0003244110466020187
0.403,-3.2662494163730103e-06,2.211985834001751e-05,0.00033864782976296664
0.464,-3.3054118950186358e-06,2.238320375810926e-05,0.00034258683480476696
0.477,-3.3165134905462443e-06,2.2457473707861625e-05,0.0003436994247847169
0.518,-3.3195714056012683e-06,2.2477559836506694e-05,0.0003440019739841142
0.53,-3.3205728188916787e-06,2.2483789094033068e-05,0.000344097400085416
0.574,-3.3210178211130393e-06,2.248625328947153e-05,0.00034413663535433803
0.626,-3.3212947904454612e-06,2.248760075282034e-05,0.0003441591268575068
0.652,-3.3215303880457626e-06,2.248866922557927e-05,0.0003441774664396648
0.707,-3.321761247244078e-06,2.2489689818779363e-05,0.00034419517981696367
0.717,-3.3219821105824315e-06,2.2490658585123895e-05,0.0003442120619252361
0.732,-3.3222020605743006e-06,2.249162100225887e-05,0.00034422886322698823
0.755,-3.322428359185909e-06,2.2492610254545513e-05,0.0003442461522617278
0.783,-3.3226478730982944e-06,2.249356935950384e-05,0.00034426292893696
0.835,-3.3228673151904106e-06,2.249452780987041e-05,0.00034427970645780134
0.872,-3.3230933399587893e-06,2.2495514680977135e-05,0.0003442969931817947
0.928,-3.323312679000244e-06,2.2496472106695547e-05,0.0003443137741405257
0.951,-3.3235319734769446e-06,2.2497429076962235e-05,0.00034433055630760947
0.973,-3.3237578825347426e-06,2.2498414686629626e-05,0.0003443478492823884
0.994,-3.3239771192448975e-06,2.2499370970403785e-05,0.00034436463534163135
1.037,-3.324196329449228e-06,2.250032693807725e-05,0.0003443814227303864
1.089,-3.3244221667295427e-06,2.2501311625466192e-05,0.00034439872087497196
1.135,-3.3246413454365644e-06,2.2502267107303217e-05,0.0003444155117049818
1.147,-3.3248605095205516e-06,2.2503222362220913e-05,0.00034443230371669766
1.176,-3.3250861081661817e-06,2.250420503089402e-05,0.0003444496060770544
1.196,-3.3253052651206104e-06,2.2505159983229185e-05,0.00034446640168398455
1.248,-3.3255244082864363e-06,2.2506114722479913e-05,0.0003444831975666449
1.287,-3.325750194439085e-06,2.2507098282716702e-05,0.0003445005040870546
1.343,-3.3259693408901454e-06,2.2508052803472934e-05,0.00034451730286412887
1.361,-3.3261884966252245e-06,2.250900726750883e-05,0.0003445341034473208
1.392,-3.3264142923094756e-06,2.2509990536449444e-05,0.00034455141388464955
1.41,-3.326633450742408e-06,2.2510944793898183e-05,0.00034456821606343045
1.455,-3.3268526234086392e-06,2.2511899038636497e-05,0.000344585020081519
1.467,-3.327078443068097e-06,2.2512882121387153e-05,0.0003446023340662266
1.5150000000000001,-3.3272976272292663e-06,2.251383622155693e-05,0.00034461913950930315
1.545,-3.327516830194906e-06,2.2514790345700464e-05,0.0003446359468661978
1.608,-3.3277426835786267e-06,2.251577332222364e-05,0.00034465326411405517
1.638,-3.3279619193645378e-06,2.251672745091734e-05,0.0003446700743177367
1.657,-3.328181156690109e-06,2.2517681487854068e-05,0.00034468688433279506
1.6720000000000002,-3.3284070553207367e-06,2.2518664447166904e-05,0.00034470420508881343
1.714,-3.3286263311458808e-06,2.251961853903458e-05,0.0003447210180840889
1.744,-3.3288454209715805e-06,2.2520571266258274e-05,0.00034473783167986676
1.77,-3.3290713676774197e-06,2.2521554235487098e-05,0.00034475515550529953
1.825,-3.329290689287173e-06,2.252250832108131e-05,0.00034477197103033915
1.855,-3.329510033804617e-06,2.2523462464937613e-05,0.0003447887881680702
1.8980000000000001,-3.3297360370033155e-06,2.252444550222025e-05,0.0003448061153176527
1.9489999999999998,-3.3299554108386686e-06,2.2525399644708615e-05,0.00034482293376528894
1.966,-3.3301748029101655e-06,2.2526353811392037e-05,0.00034483975315724983
1.967,-3.3304008678921533e-06,2.2527336957041143e-05,0.0003448570837784425
1.999,-3.330620299973297e-06,2.2528291194806906e-05,0.0003448739053090581
2.042,-3.330839755066634e-06,2.25292454848005e-05,0.0003448907281018235
2.063,-3.3310658760077458e-06,2.253022869940967e-05,0.00034490806123565007
2.093,-3.3312851762420577e-06,2.25311817598674e-05,0.00034492488660099583
2.112,-3.3315046840863904e-06,2.2532136103916342e-05,0.0003449417114692771
2.163,-3.33173087088205e-06,2.253311945806648e-05,0.0003449590479242923
2.188,-3.3319504238927917e-06,2.2534073922158377e-05,0.00034497587531355473
2.2359999999999998,-3.332170000661933e-06,2.2535028452407656e-05,0.00034499270402392273
2.26,-3.3323962536499143e-06,2.2536011949251537e-05,0.00034501004364429166
2.279,-3.3326158645386317e-06,2.2536966515870707e-05,0.0003450268735088811
2.337,-3.3328355060749056e-06,2.253792118550059e-05,0.0003450437052073783
2.376,-3.3330618236782324e-06,2.2538904824576043e-05,0.0003450610478352425
2.42,-3.3332813049968043e-06,2.25398582228296e-05,0.00034507788113895315
2.458,-3.3335010093435135e-06,2.2540813021524962e-05,0.0003450947155458865
2.473,-3.333727392651314e-06,2.2541796802212437e-05,0.00034511206106319114
2.5220000000000002,-3.3339471382824606e-06,2.2542751694546078e-05,0.00034512889733708066
2.555,-3.33416690761861e-06,2.2543706645282976e-05,0.00034514573471240684
2.642,-3.3343933525504027e-06,2.254469054962979e-05,0.0003451630827572623
2.645,-3.3346131670312655e-06,2.254564561219256e-05,0.0003451799222258982
2.681,-3.334832998623815e-06,2.254660069712437e-05,0.0003451967622266775
2.698,-3.3350593165451536e-06,2.254758343805372e-05,0.0003452141136022282
2.727,-3.335279193814108e-06,2.2548538639289796e-05,0.0003452309557330729
2.7359999999999998,-3.3354990912263296e-06,2.254949387209835e-05,0.0003452477985198043
2.755,-3.335725676949195e-06,2.2550478125847066e-05,0.00034526515299781216
2.811,-3.3359456208921218e-06,2.2551433482678783e-05,0.00034528199800399153
2.884,-3.336165585481099e-06,2.255238888460246e-05,0.0003452988438578625
2.895,-3.336392235651661e-06,2.255337327302255e-05,0.00034531620088994023
2.943,-3.3366120378808705e-06,2.255432738359068e-05,0.0003453330478741671
2.973,-3.3368320706337454e-06,2.2555282961158797e-05,0.00034534989686143766
3.004,-3.33705879665748e-06,2.2556267558696785e-05,0.00034536725754309136
3.047,-3.3372788690584217e-06,2.255722321323498e-05,0.000345384108006529
3.07,-3.3374989679968116e-06,2.255817894250891e-05,0.0003454009597507423
3.079,-3.337725757280785e-06,2.2559163678787465e-05,0.0003454183229965992
3.098,-3.337945895519612e-06,2.2560119481114256e-05,0.00034543517614933763
3.14,-3.3381658607422024e-06,2.256107402125059e-05,0.0003454520306876608
3.19,-3.3383927170618857e-06,2.2562058908099483e-05,0.0003454693966653309
3.247,-3.338612926110295e-06,2.2563014903386814e-05,0.00034548625316901846
3.27,-3.338833154592711e-06,2.2563970929005988e-05,0.00034550311026957596
3.307,-3.339060081235246e-06,2.2564955990385154e-05,0.0003455204793286724
3.332,-3.339280354854863e-06,2.2565912137638967e-05,0.00034553733854881727
3.356,-3.339500450175117e-06,2.2566866985249625e-05,0.0003455541985987236
3.372,-3.339727450459046e-06,2.256785223399068e-05,0.00034557157092662675
3.41,-3.3399477889305785e-06,2.2568808524558168e-05,0.00034558843273974196
3.454,-3.340168152113891e-06,2.2569764897379813e-05,0.0003456052959256526
3.482,-3.340393851036052e-06,2.257074088473116e-05,0.0003456225308757882
3.545,-3.340611926057472e-06,2.2571681411751868e-05,0.00034563915845156704
3.573,-3.340829589057458e-06,2.2572619055712406e-05,0.00034565576318910517
3.582,-3.341054011492919e-06,2.2573586135400675e-05,0.00034567286581414926
3.592,-3.3412718344691662e-06,2.2574524679878494e-05,0.0003456894641880264
3.649,-3.3414896763622814e-06,2.2575463254814632e-05,0.00034570606316883446
3.654,-3.3417141400816613e-06,2.2576430312970812e-05,0.0003457231659140117
3.717,-3.3419318216046873e-06,2.257736762295706e-05,0.0003457397663844771
3.782,-3.342149729277934e-06,2.2578306357871657e-05,0.00034575636818617406
3.801,-3.342374259616949e-06,2.257927356433758e-05,0.0003457734735962504
3.822,-3.3425922149530958e-06,2.2580212410272484e-05,0.00034579007735386204
3.832,-3.3428101835419344e-06,2.2581151269730618e-05,0.0003458066814460868
3.86,-3.343034584628636e-06,2.2582117310979122e-05,0.00034582379000333433
3.896,-3.3432526006034515e-06,2.2583056297246484e-05,0.0003458403962803712
3.94,-3.343470640041824e-06,2.258399533078338e-05,0.0003458570034077635
3.981,-3.343695311376978e-06,2.2584962902826673e-05,0.0003458741151702788
4.01,-3.343913394223177e-06,2.2585902036314842e-05,0.0003458907240823455
4.056,-3.344131302565942e-06,2.2586839908549927e-05,0.0003459073344038715
4.124,-3.3443560423911917e-06,2.2587807641070835e-05,0.0003459244490095156
4.146,-3.3445741957169683e-06,2.258874696379351e-05,0.0003459410611780144
4.162,-3.344792368503769e-06,2.2589686305850943e-05,0.0003459576737777026
4.174,-3.3450169762483483e-06,2.25906528559225e-05,0.00034597479127104714
4.203,-3.3452351947356453e-06,2.2591592332480402e-05,0.00034599140616353957
4.228,-3.345453435409299e-06,2.2592531863556685e-05,0.00034600802201857265
4.267,-3.3456783111468965e-06,2.259349990923454e-05,0.0003460251421812539
4.321,-3.345896598503217e-06,2.2594439544988125e-05,0.00034604175988821133
4.375,-3.3461147030463616e-06,2.2595377881223037e-05,0.00034605837843175045
4.3870000000000005,-3.346339646520886e-06,2.259634608246667e-05,0.0003460755013621848
4.423,-3.346557998297446e-06,2.2597285883158916e-05,0.0003460921219539621
4.461,-3.346776372608734e-06,2.2598225742691497e-05,0.00034610874356712007
4.508,-3.3470011884349175e-06,2.259919279183895e-05,0.00034612586985287704
4.527,-3.3472196030529997e-06,2.2600132730002035e-05,0.0003461424929233845
4.547,-3.3474380455462424e-06,2.260107274420203e-05,0.00034615911727859733
4.575,-3.347663131421611e-06,2.2602041300553805e-05,0.00034617624640005066
4.612,-3.347881415478697e-06,2.260298006448831e-05,0.0003461928724825808
4.648,-3.3480999243795444e-06,2.2603920239802854e-05,0.0003462094996754432
4.667,-3.348325076219531e-06,2.2604888957810584e-05,0.00034622663164836256
4.699,-3.348543630315789e-06,2.2605829244164747e-05,0.00034624326077899094
4.732,-3.3487620042964224e-06,2.2606768233734982e-05,0.0003462598908101518
4.7620000000000005,-3.3489872251076843e-06,2.260773711463157e-05,0.0003462770256565758
4.845,-3.349205848056646e-06,2.2608677578824684e-05,0.0003462936578754388
4.881,-3.3494244869786138e-06,2.2609618054972493e-05,0.00034631029040976845
4.941,-3.3496495745243025e-06,2.26105857462615e-05,0.0003463274280549201
4.978,-3.3498682611152717e-06,2.2611526352421112e-05,0.0003463440628204927
5.004,-3.3500869734053764e-06,2.261246701784248e-05,0.0003463606986196503
5.029,-3.350312333800317e-06,2.2613436234983068e-05,0.0003463778393708095
5.043,-3.3505308856411113e-06,2.26143756564083e-05,0.0003463944769974787
5.049,-3.3507496599296417e-06,2.261531647215668e-05,0.00034641111545879614
5.052,-3.3509750847740526e-06,2.2616285819761784e-05,0.0003464282586004962
5.092,-3.351193704217119e-06,2.2617225408492114e-05,0.00034644489915762526
5.157,-3.3514125473827578e-06,2.2618166382213707e-05,0.0003464615404125019
5.194,-3.351638045806925e-06,2.2619135942459165e-05,0.0003464786871711758
5.215,-3.351856936749413e-06,2.262007704427819e-05,0.00034649533062918494
5.254,-3.3520756486064915e-06,2.2621016858065368e-05,0.0003465119751224349
5.268,-3.352301211645681e-06,2.2621986548510618e-05,0.0003465291242664708
5.307,-3.352520166938738e-06,2.2622927797352192e-05,0.0003465457703423384
5.362,-3.35273894290688e-06,2.2623867755583484e-05,0.00034656241742449023
5.398,-3.352953797076054e-06,2.2624767765643673e-05,0.0003465785001677459
5.411,-3.3531488589348623e-06,2.262556352742113e-05,0.0003465928655606777
5.45,-3.3533562672668516e-06,2.262644237028158e-05,0.0003466084738079028
5.456,-3.353573145707548e-06,2.2627369194865613e-05,0.0003466248947225364
5.5,-3.353784714345492e-06,2.2628275822796224e-05,0.00034664091887871373
5.535,-3.3539965221222195e-06,2.26291840109578e-05,0.00034665696648579307
5.576,-3.3542146364117856e-06,2.2630118853958968e-05,0.0003466735077495832
5.643,-3.3544265644884244e-06,2.2631027651862974e-05,0.00034668956474574763
5.666,-3.3546385159121724e-06,2.2631936520394526e-05,0.00034670562292416434
5.681,-3.3548567147133035e-06,2.2632871648661526e-05,0.00034672216885501606
5.699,-3.355067199659271e-06,2.2633809534324695e-05,0.00034673845697489285
5.728,-3.3552705745335262e-06,2.2634772415620045e-05,0.0003467547338592827
5.779,-3.355478623740337e-06,2.2635754472203397e-05,0.00034677137401745227
5.857,-3.3556804659722135e-06,2.263670697949014e-05,0.00034678749522742383
5.876,-3.3558822446008207e-06,2.263765901382802e-05,0.0003468036094215888
5.9,-3.35608993672835e-06,2.2638638476320414e-05,0.00034682021093399246
5.918,-3.3562917315372575e-06,2.2639590468675437e-05,0.00034683632468103325
5.936,-3.3564935421660803e-06,2.2640542500868996e-05,0.00034685243911300814
5.96,-3.356701286037869e-06,2.2641522078812645e-05,0.00034686904263764876
5.998,-3.3569031372761707e-06,2.264247423114963e-05,0.0003468851590559475
6.049,-3.357105001658032e-06,2.2643426422963888e-05,0.0003469012761455045
6.082,-3.357312798538254e-06,2.2644406144109035e-05,0.0003469178820957306
6.138,-3.3575147027022456e-06,2.2645358449399985e-05,0.0003469340010728709
6.165,-3.357716623611018e-06,2.264631080187232e-05,0.000346950120842841
6.175,-3.357924479748737e-06,2.2647290706654057e-05,0.0003469667298263812
6.2379999999999995,-3.3581264410541836e-06,2.264824317685855e-05,0.0003469828515454099
6.28,-3.3583284154332776e-06,2.2649195669030233e-05,0.0003469989736809454
6.305,-3.3585363293009555e-06,2.2650175747206703e-05,0.00034701558554397355
6.319,-3.358738342889051e-06,2.2651128367801188e-05,0.00034703170978628723
6.373,-3.358940375733632e-06,2.265208103225664e-05,0.00034704783477936706
6.388,-3.3591483453248703e-06,2.2653061271495047e-05,0.0003470644493358665
6.441,-3.359350411132859e-06,2.2654014039899316e-05,0.00034708057605997564
6.462,-3.3595524980390315e-06,2.2654966866683152e-05,0.00034709670375238024
6.483,-3.359760536768245e-06,2.265594728293478e-05,0.0003471133212701559
6.53,-3.3599626588125658e-06,2.265690021024476e-05,0.00034712945064907806
6.556,-3.3601647957412113e-06,2.2657853169696644e-05,0.00034714558059700915
6.583,-3.3603728820990018e-06,2.2658833764514053e-05,0.00034716220104854905
6.605,-3.3605750672134522e-06,2.2659786876711445e-05,0.000347178333481996
6.654,-3.3607770571367668e-06,2.2660738660990907e-05,0.0003471944663237547
6.689,-3.360985405113015e-06,2.2661720749316497e-05,0.00034721108921297234
6.735,-3.3611876428170056e-06,2.266267401151207e-05,0.0003472272241642194
6.758,-3.361389693196908e-06,2.2663625964615926e-05,0.00034724335981839856
6.787,-3.3615980915607935e-06,2.2664608212534483e-05,0.00034725998536634504
6.801,-3.361800383530743e-06,2.266556163751199e-05,0.0003472761230228759
6.848,-3.362002492773921e-06,2.2666513747797524e-05,0.00034729226131894583
6.9,-3.362210954536948e-06,2.266749616977788e-05,0.0003473088897670248
6.954,-3.362413098151116e-06,2.2668448410455706e-05,0.000347325030190936
6.979,-3.362615467733463e-06,2.266940205238197e-05,0.00034734117146950725
6.996,-3.36282398028446e-06,2.2670384600854532e-05,0.0003473578020893923
7.011,-3.363026179775119e-06,2.267133701464307e-05,0.0003473739453799081
7.044,-3.363228597519989e-06,2.267229077685301e-05,0.0003473900887286881
7.053,-3.363436967931787e-06,2.2673272170825046e-05,0.00034740672257496273
7.099,-3.3636394277802633e-06,2.267422608069383e-05,0.0003474228683212522
7.139,-3.3638419091762864e-06,2.2675180032000567e-05,0.0003474390147875054
7.179,-3.364050338300587e-06,2.2676161603641792e-05,0.00034745565157934944
7.215,-3.3642528517484924e-06,2.2677115670856543e-05,0.00034747179995320456
7.261,-3.364455176544265e-06,2.267806841890792e-05,0.0003474879488926116
7.284,-3.364663865104387e-06,2.2679051504277952e-05,0.00034750458840209837
7.305,-3.364866438780045e-06,2.268000573584766e-05,0.0003475207395200203
7.331,-3.3650688179947407e-06,2.2680958647571688e-05,0.00034753689118694516
7.373,-3.3652775675862186e-06,2.268194189010504e-05,0.0003475535333423588
7.447,-3.365479983994239e-06,2.268289491514087e-05,0.00034756968688858317
7.458,-3.365682636990661e-06,2.2683849374180052e-05,0.0003475858417886922
7.49,-3.3658914447783777e-06,2.268483279259423e-05,0.00034760248686208306
7.505,-3.3660939205408964e-06,2.268578597692103e-05,0.0003476186430792858
7.5280000000000005,-3.3662966187514517e-06,2.268674057320214e-05,0.0003476348002888484
7.579,-3.3665052751492888e-06,2.2687722810939603e-05,0.0003476514481961398
7.648,-3.3667080063604785e-06,2.2688677491887664e-05,0.00034766760685471466
7.658,-3.3669105602383196e-06,2.2689630895985223e-05,0.00034768376674114746
7.6850000000000005,-3.367119481413511e-06,2.2690614642854853e-05,0.0003477004172993103
7.711,-3.36732227601916e-06,2.269156951018825e-05,0.00034771657903389123
7.746,-3.367524880041169e-06,2.2692523049220982e-05,0.0003477327412114927
7.803,-3.367733852857095e-06,2.2693506963935822e-05,0.00034774939455059294
7.8149999999999995,-3.3679365001977846e-06,2.269446065528407e-05,0.00034776555919858917
7.866,-3.3681393665873215e-06,2.2695415733354625e-05,0.0003477817244551047
7.885,-3.3683481969367836e-06,2.2696398456852102e-05,0.0003477983805009636
7.911,-3.3685511016431333e-06,2.2697353656618093e-05,0.0003478145477593046
7.965,-3.3687538234356813e-06,2.2698307542836438e-05,0.00034783071570062174
7.986,-3.368962910851515e-06,2.26992917586222e-05,0.00034784737412094373
8.024,-3.3691658726319515e-06,2.2700247101903768e-05,0.00034786354381044737
8.072,-3.369368646689517e-06,2.270120117193181e-05,0.0003478797147702586
8.088,-3.369577794559969e-06,2.2702185576926846e-05,0.0003478963763115555
8.098,-3.369783814526813e-06,2.2703159763592315e-05,0.0003479128561827512
8.151,-3.3699907540701945e-06,2.270413913968604e-05,0.0003479293979203237
8.212,0.026661298336006597,1.7572697478559867e-05,0.0013025801056205247
8.235,0.05260477151281984,1.9027484210043147e-05,0.0023772274300087924
8.257,0.07852908104290843,1.8555584296277934e-05,0.0035122235957279566
8.264,0.09915165800871194,7.682846123505279e-05,-0.09898546113251237
8.307,0.11444330139720697,0.00012066090415333675,-0.27014732456599494
8.319,0.1191884393663238,0.00010167524970761599,-0.3210847869849023
8.378,0.11923710723045704,0.00011094412325220833,-0.31802308523382017
8.443,0.11927973379270516,0.0001033638751666054,-0.3177382942942365
8.452,0.11925765132569381,0.0001004343769928414,-0.3168687330339454
8.473,0.12762483275034228,5.7036067325049074e-05,-0.10044015186261633
8.491,0.13850837388708875,-1.956666418263895e-05,-0.06109051062769604
8.534,0.14057532488072874,0.0002753061875014756,-0.06981109051776335
8.582,0.14022874361541007,0.00016224080469449086,-0.1271041204477907
8.653,0.14369648999044782,0.000390027460918518,-0.17014512821858926
8.666,0.14994453935062244,0.00016527303049814097,-0.2503090308469671
8.69,0.1588075190729395,0.00015583411398697317,-0.37637029999415716
8.701,0.17013334294299082,0.00029742751299256104,-0.4816722328168313
8.739,0.17476686766475596,0.00018024310476618538,-0.41904782018835174
8.802,0.1796210682393621,0.00025112515623493606,-0.30961924760355974
8.844,0.19997490599254863,0.00012556207108183406,-0.41367123917863874
8.891,0.21615365714645762,0.00027357196304295117,-0.5889284615566881
8.9,0.2152194379703069,0.00028062884816004025,-0.7442640147860965
8.911,0.215306524762229,0.00028996661681666286,-0.74390556498071
8.938,0.21516037503016835,0.00028303464379821064,-0.7410604557378278
8.986,0.2005584510791531,0.0005005314944443104,-0.8688041787790434
9.01,0.19380986408016287,0.0002720586049983695,-0.9218345837747689
9.069,0.19676588752684174,0.0004345427504345925,-0.955007789103716
9.109,0.21144908614181623,0.0003317811806316656,-0.8561455038317497
9.137,0.22393776564099308,0.0004288245063295282,-0.998346863691753
9.149,0.22956405039241273,0.0004232750693898557,-1.0587705384910462
9.171,0.22974667372721214,0.0004310305508092027,-1.0602638819316617
9.189,0.22978070503286452,0.0004231212967846787,-1.0458986480640702
9.249,0.22991711258486852,0.0004163996825800875,-1.0473384142837985
9.28,0.20952962330721478,0.00041588474540363296,-1.0148943948374411
9.321,0.20649439647949222,0.00037751416793309345,-1.0368500993484084
9.353,0.2060868809732146,0.0008431173291407745,-1.0332550739243518
9.364,0.20489336007745457,0.003890588522179911,-0.9656287995672997
9.408,0.20783708837158976,0.004470929682779429,-1.0434168171892295
9.45,0.21396806276546554,0.0019279366972121958,-1.1932344733224383
9.464,0.2080783726044394,0.00048741533532221937,-1.0593459523040651
9.506,0.2109861740102158,0.0004337531934959088,-1.0208830783640774
9.576,0.215539383564964,0.0003718700616820586,-0.9587461484457
9.595,0.216763145775913,0.00037622273021832575,-0.9461871917370386
9.618,0.22439907602882733,0.0003316666689586467,-0.830397188660498
9.664,0.2272176748023404,0.00030979582835696795,-0.7942181945139837
9.696,0.22721310911244122,0.00041712375408010927,-0.8057812878051019
9.721,0.22686686810725132,0.000498454984929661,-0.8000925979304895
9.756,0.22553450540473352,0.0003420706001109608,-0.7844105817121568
9.773,0.20395136936584551,0.00039125913275162016,-0.9395441631995313
9.802,0.2029150522791486,0.00023984984145328236,-0.7283462217197696
9.855,0.20320779067456213,0.00028679311577679834,-0.7276221162437524
9.87,0.22512032476701285,0.00033627989635141853,-0.689662324477393
9.925,0.2262720041526341,0.00028244730721124767,-0.6757968540588744
9.955,0.22645339855001445,0.0002762956093014385,-0.6770330408909989
9.985,0.2138050488235745,0.00016814166891990223,-0.5504433870359361
9.999,0.21394183311030032,0.0002041715042757769,-0.5523335897377832
10.051,0.2138570670164885,0.00017835988020557803,-0.5533468804906934
10.063,0.21905687312077537,0.00022605077300323628,-0.5750929216352804
10.111,0.21789688988251138,0.000790758729378005,-0.571178726877224
10.159,0.21790354833771972,0.0002956861293491736,-0.5280161063505534
10.204,0.21108934467639429,7.106788661812025e-05,-0.4464700821423625
10.245,0.211873700013852,0.00020516288857500703,-0.45071609392552336
10.262,0.2119939764225895,0.00018917727292830366,-0.45133946059543983
10.276,0.22346165867496331,0.00018882466547799626,-0.405475803204604
10.306,0.22352844716191236,0.0001817087747570459,-0.40592929715928405
10.331,0.22371923955601375,0.00017980029316480572,-0.4066904553258491
10.365,0.22369498328407558,0.00016999596778522613,-0.3833116264542836
10.423,0.2238648890952734,0.000162213978800764,-0.38379973849046556
10.466,0.22396889278656446,0.00014174579862170217,-0.38346707767233057
10.493,0.22440737688189794,0.00016469523464432423,-0.4947491528835669
10.501,0.2266363314484149,-5.51057869423166e-06,-0.24506624266903843
10.539,0.22428897195702116,-6.921440342043395e-05,-0.21549639048924704
10.576,0.22135965079717923,1.6061021534952147e-06,-0.22623615568356034
10.656,0.22181041698504098,5.1412438280207945e-05,-0.23359825372531334
10.665,0.22173407997234762,0.00028837645696108347,-0.23802742940282218
10.688,0.2185238145999119,0.00014032530086209583,-0.1671781849993303
10.7,0.22090830019612417,8.635472798004112e-05,-0.13748996535069402
10.735,0.2209661480638082,9.096353985875438e-05,-0.1393630066576865
10.759,0.221056932222341,8.674564350359681e-05,-0.1301587347754469
10.833,0.22123559159649547,7.37529318462389e-05,-0.1306017680821709
10.88,0.22140982778128201,7.035013564333364e-05,-0.1308383246754975
10.901,0.2207736254109445,3.0254216281316165e-05,-0.04430239754603092
10.911,0.22077576900235382,1.8584569177169247e-05,-0.04245534627380718
10.942,0.2206398872740714,-1.9978237677839572e-05,-0.03905412563974953
10.972,0.21968398617617568,0.00016547702408694145,-0.012405420881018078
11.028,0.21827133686664318,4.648189894715729e-05,0.004903655033615927
11.073,0.22025804251214054,5.3415827355730167e-05,-0.017528039001664913
11.088,0.21045539120734663,4.608105312762373e-05,-0.07433426943453403
11.112,0.20898231752599455,0.0001298676124167203,-0.09823501303469971
11.129,0.20907311160616698,5.139612575966526e-05,-0.10086363558559946
11.163,0.2087548823683841,2.2894384572504783e-05,-0.10337185061191723
11.226,0.20906179747009435,5.06889267726518e-05,-0.10228623195101186
11.284,0.2091907323433462,7.602094021092257e-05,-0.10337383789545415
11.308,0.2306884102401544,4.936802523458281e-05,-0.1699282890428772
11.334,0.22107332512153002,3.8207956120648104e-05,-0.10047535489964105
11.356,0.2212181881025534,4.1914882775362025e-05,-0.1004170223907663
11.385,0.22048426404897323,1.070690492737704e-05,-0.01558975778580229
11.41,0.22034188768145052,-3.0318824040703393e-05,-0.012141574865981952
11.452,0.21975353637917383,0.00013678771305954823,-0.003621237790899837
11.483,0.21814826422570394,1.1272685722341427e-05,0.017561864979581815
11.538,0.22016834248025519,2.25816908190693e-05,-0.004090840012522287
11.572,0.2199338162542115,8.651754798947447e-06,-0.0017855089102930134
11.615,0.21991631734909753,-1.2078202038674421e-05,-0.0053691629019848456
11.639,0.22003630272616506,0.00017758491083007429,-0.00659179329776696
11.662,0.21954616776257666,6.160553797610567e-05,-0.01692948190555862
11.711,0.2198561725441898,0.00011542284128180161,-0.013726772756676381
11.735,0.21995240518380496,3.592800099272951e-05,-0.014973994481849023
11.766,0.22012646113161122,2.8692489937441612e-05,-0.015405878728125013
11.788,0.22156129538620534,7.199969726222853e-05,-0.18518458495216572
11.82,0.20873803097282523,-8.749249790299639e-05,-0.012909637076549395
11.847,0.20885568586157907,8.46588742124503e-06,-0.012771198402105504
11.874,0.2087384015885206,-2.372803694334659e-05,-0.008303785636161699
11.902,0.20835657567086063,1.619257488975033e-05,-0.0021055295490010266
11.96,0.2063390608430329,1.7287568861327346e-05,0.02205673211071361
11.99,0.21170992426602367,8.535117416043174e-05,0.06189475670532525
12.034,0.21851627547605937,-3.728848492554927e-05,0.01778907213029709
12.055,0.219871703743527,6.086229593365786e-06,0.002635289960769002
12.082,0.21944974544339294,0.00010460138792050926,0.07828128563980147
12.135,0.2194274948735244,-1.2934579598835108e-05,0.0743172224335833
12.192,0.21905893398130044,-3.77845119561241e-05,0.06692409781073738
12.208,0.21938325968507283,2.0619317669638357e-05,0.04928353605949691
12.258,0.2195016083976119,2.0125116042052013e-05,0.04835040559901469
12.265,0.21966382228248543,3.298656873228223e-06,0.04796363203869533
12.282,0.20748887430068655,-6.614234540919944e-05,0.12632676203270396
12.308,0.20764873883822701,-4.3271360917040286e-05,0.1266715807155827
12.339,0.2106999562265472,3.551154839191717e-05,-0.05513077505727408
12.381,0.20466036176347904,5.939358241503247e-05,0.040225325981142084
12.465,0.20116367180183492,8.867453173541998e-05,0.0809459857116469
12.481,0.19771039605767532,5.1541042011698374e-05,0.12149224485138148
12.521,0.20366405765323964,4.5346205334254736e-05,0.16545175277825158
12.53,0.20743510200637252,4.271592734517507e-05,0.12502206447013597
12.57,0.20717917933720453,-6.181904064101601e-05,0.12433758548451745
12.59,0.21519842337430892,0.00015001959085560873,-0.07789708632479661
12.615,0.19863901506905285,-0.00011077820631161597,0.1479090166835415
12.658,0.19512610866928493,-0.000100663900524052,0.10634103346317761
12.71,0.21340786149060484,0.00010268988162626114,0.0029618774960139117
12.724,0.21915700025683993,5.667722851977405e-05,0.08941888646510673
12.761,0.2192701426830194,-1.0102521736176512e-05,0.08961031727057339
12.762,0.2086802706385339,-2.084461699494028e-06,0.0787265288583545
12.822,0.20811237620101442,-1.694821376209063e-05,0.07729193166884829
12.850999999999999,0.20813919736364425,-3.4902012872688876e-05,0.07886994617769134
12.866,0.21780177433017206,-4.6394962158354675e-05,0.09979524928580842
12.912,0.2190314072910293,5.631720788394287e-05,0.080600483484784
12.966,0.21707179973227042,-5.974446909719211e-05,0.10338872212902717
13.0,0.20704291965730198,-0.00013064474705465345,0.07524122551023074
13.027,0.20763886901054726,-6.930623049885426e-05,0.06682799889698098
13.064,0.20779580268688025,0.0001511670403636818,0.06721628530953228
13.067,0.2020613977493146,2.213010394281137e-05,0.12481241700544517
13.118,0.19758686069720083,4.163745870140734e-05,0.071305772435761
13.131,0.19607619720992436,5.680646884181212e-05,0.04826025371001411
13.179,0.2157430280701674,8.462022431740893e-05,-0.031201525005569716
13.204,0.21967272649964123,2.6326495013596213e-05,0.03086800128469946
13.238,0.219860469576516,1.2931029106100222e-05,0.03043349787993257
13.262,0.19761931301589772,-2.471137258099748e-05,0.019235907516701362
13.326,0.19710425726496286,-9.559742539810151e-06,0.019422533389490987
13.37,0.19715934927251302,-2.412524764838775e-05,0.02054825838267427
13.385,0.2113751668729589,-7.583399170093055e-05,0.11771733837686593
13.431,0.21331151138690851,-5.141980366241139e-05,0.09209840295719685
13.465,0.21211411261891042,5.594947083490537e-05,0.10607053514985622
13.465,0.20862851643430036,0.000107065827074114,0.015071293455522963
13.499,0.20809056485852678,-1.2972360746661693e-05,0.020354574849227727
13.56,0.2081373861965465,0.00018558347107761747,0.019348981077333523
13.61,0.20169020424030068,5.706300577845713e-05,0.0752792338810253
13.619,0.19686164305308113,6.575076865010521e-05,0.003816531795018511
13.663,0.19646720151229552,6.236859755714974e-05,-0.0027675128098910992
13.695,0.2086015523196951,-1.568169079338433e-05,0.05706523415877933
13.711,0.21828779962332148,-0.0001125963618062581,0.18887912496042797
13.758,0.21844536018879687,-4.594219067356742e-05,0.18807521583429723
13.811,0.20684367879052545,-5.934998538199843e-05,0.20946889347255693
13.83,0.20700260216044866,-6.63372698452569e-05,0.20965579425209044
13.862,0.20710857926745566,-7.853932127045021e-05,0.2104361944872856
13.88,0.19698034669356881,-2.8942770941405016e-05,-0.004527060394806755
13.914,0.1961134450606611,-0.0002458159992133266,0.18786726238881069
13.937,0.1945657252713592,3.29788425778299e-05,0.21085958702330593
13.979,0.18623702449526855,-0.00012659405895102532,0.14882300571631182
14.024,0.18290900345892844,-0.0002774439234394521,0.1785388258309746
14.08,0.18308293679171347,0.00010735179266221223,0.17004556881868718
14.098,0.17923809844124056,2.561832298671879e-05,0.14035754610043844
14.124,0.1689289243685606,3.2154705133007055e-05,0.1288838118262671
14.137,0.16104502584345126,5.013919793687982e-05,0.0170065751981754
14.18,0.15012481771190608,4.171354433042673e-06,-0.0001112604826887582
14.238,0.15020377725549028,2.5800064386981292e-05,-0.001107364861738067
14.288,0.1503328767784206,2.776592678097045e-05,-0.0014708937153899242
14.306,0.16251645550872523,1.4627550961113234e-05,0.04618388045600248
14.334,0.13899328731708122,2.283707578882438e-05,-0.00841734550354677
14.357,0.1392081261265395,2.6982767168136357e-05,-0.009920497914645936
14.398,0.12764604034958985,3.393050327502381e-05,-0.009822239069725656
14.434,0.1278748393866758,2.3833071510652448e-05,-0.013921549065761993
14.451,0.12796434677508298,2.035902563575498e-05,-0.01391183975886174
14.495,0.11575687976684516,5.962943930130221e-06,0.0023747967527039714
14.518,0.11640698000251105,4.967455312795965e-06,-0.003520467913617013
14.538,0.11639930171927333,3.1374265572169102e-06,-0.002503614124563673
14.588,0.12672211622693755,-5.171183406998611e-05,0.15966593180489477
14.652,0.12644484614958842,-8.509692325197812e-05,0.16065861315863572
14.664,0.12633550098409027,-9.784916228389867e-05,0.16227763918546928
14.712,0.12521259093766957,-0.00010639767735549921,0.13866801437813173
14.735,0.12309966437212341,-5.6540867133015454e-05,0.1616374974884794
14.756,0.12310766037411763,-9.798365556068153e-05,0.16085972496892645
14.768,0.1159542855909116,-8.21999946952999e-05,0.2269294529641528
14.803,0.11645452371342026,0.00020324641832553114,0.16866550316110995
14.861,0.11319586402460567,-8.075308459415051e-05,0.13106043864067823
14.9,0.11445543500008734,-1.387283896917696e-05,0.09017142680959706
14.914,0.1143408114676016,-9.40117149059172e-07,0.08834719955552156
14.957,0.11439254548062838,2.567011363259486e-06,0.08820020835162977
14.97,0.10181255375518679,-0.00013398437417035114,0.22031167678836594
15.007,0.11282394970536362,-0.00014449518935283345,0.2881929154832252
15.052,0.11282140490839086,-6.655604233683082e-05,0.2875863352057459
15.1,0.10551581671863236,4.438477811840452e-05,-0.06754228063707969
15.108,0.11562443452212383,2.268441126470483e-05,-0.0011880058215201514
15.159,0.11571601414255664,2.7153741794148922e-05,-0.0013360256977147354
15.164,0.11595399068247982,3.0488950363331824e-05,-0.016360387872065955
15.216,0.11605578311850821,3.090153361793441e-05,-0.016594429021316075
15.27,0.11615659650076529,2.9732920363498283e-05,-0.016820105232438706
15.292,0.11618863771555896,2.654801357581532e-05,-0.009183013024686281
15.328,0.11628520192198794,2.34694682166095e-05,-0.009365017274877313
15.343,0.1163771772307763,2.0783862393125574e-05,-0.009511269052887497
15.37,0.11586982020171196,8.908542919322526e-07,0.055740402420518066
15.428,0.11593189414918141,-2.1308368689035295e-05,0.05594355808294154
15.451,0.11598630268936665,-4.282032486797177e-05,0.05586044028066479
15.472,0.10455624652763215,-0.00013500891005389232,0.2001484813629942
15.484,0.11147350697360889,-0.00010093619150370464,0.3174909045752491
15.527,0.09822917111007576,-3.968122437531668e-05,0.3313451154346484
15.582,0.08593161626145099,-1.0183198212648098e-05,0.35432074345700404
15.643,0.07457247057500965,2.8152462400420075e-05,0.3831306724286238
15.664,0.06334536308917425,9.476670124843739e-05,0.41274944756846416
15.687,0.05280755287499912,-6.387044893441801e-05,0.4065796125210024
15.706,0.04260458508093118,-5.0983281057865454e-05,0.4018034430174204
15.733,0.03242141916119463,-5.052776752193476e-05,0.39909978367784316
15.787,0.022632139248205348,1.3305816947174753e-06,0.3855883619802096
15.843,0.016531593685101004,-5.2202073725622286e-05,0.31817325697034515
15.866,0.011848588571852055,-5.840529126032671e-05,0.22969817506808135
15.883,0.006397059640386759,-4.79005453384901e-05,0.15186876774910577
15.898,0.0014283401830623421,-0.00010297777960010016,0.07876818037991916
15.947,0.00015881298475641835,-1.577428577484273e-05,-0.003824406445082894
16.002,0.000552723719258091,-2.8938031832405093e-05,-0.0003351432720726313
16.051,0.0004903842882751984,5.888953038751631e-06,-0.0007316938015571643
16.063,0.005396329160560764,1.248361702151134e-05,-0.1296506165789161
16.075,0.009578057300127216,2.2693974359904237e-06,-0.2552502478905746
16.099,0.011379400974298447,-4.1346607952636415e-05,-0.37129539975576653
16.14,0.010132067483982621,6.595084705791898e-05,-0.4829765135534271
16.187,0.005352429968637588,0.00031844374290763023,-0.5924305471507482
16.235,-0.0006207344931287229,0.00028864359183310227,-0.7227723266472709
16.264,-0.005885956369894168,0.0003181398072419348,-0.9004703864960302
16.313,-0.009882633841084,0.00030874634655299804,-1.1149252673399639
16.334,-0.00381246682164206,0.00036836246561710066,-1.1843444047535236
16.372,0.004029049348876496,0.00040085987991644585,-1.2735052025940727
16.393,0.012170191626085954,0.0004406489219842412,-1.3647987288672143
16.438,0.012020975773066133,0.00039234327335627953,-1.3642263378987092
16.475,0.012050840330982335,0.00039409470628897695,-1.365346839241574
16.501,0.012078501440654742,0.00039439749786939155,-1.36644231182373
16.524,0.01210983206948513,0.000393637648000979,-1.3675629936363394
16.575,0.012145485103335688,0.00039439994088578105,-1.3687136039135341
16.587,0.012093600962050312,0.00039282730467214217,-1.3697218222939775
16.649,0.012123897661085665,0.0003924017716548852,-1.370868099261624
16.659,0.005495902824042116,0.00017950593865949719,-0.872763643178432
16.682,0.002856203323821054,-8.622873869279415e-06,-0.4329527490153081
16.725,-3.8895576975441206e-05,-0.00013245901897006033,-0.0018793565220502702
16.768,-3.268530913952178e-05,2.677663044978315e-05,-0.0017045104725000393
16.801,-3.490202356852135e-05,2.6679209517719177e-05,-0.0017146282659227753
16.83,-3.559629067648374e-05,2.6673653796295582e-05,-0.001727351064021012
16.885,-3.6237440767252834e-05,2.6651477100152e-05,-0.0017389734184701802
16.904,-3.6834470419444514e-05,2.6630369581712003e-05,-0.0017499136638969312
16.93,-3.735839679028761e-05,2.6611834552412003e-05,-0.0017596292637896656
16.947,-3.78329185629928e-05,2.6595034821656885e-05,-0.0017685420628640203
16.988,-3.827515189665959e-05,2.6579370775894102e-05,-0.0017769670666341892
17.033,-3.8663472331275734e-05,2.6565606805506515e-05,-0.0017844803542559663
17.06,-3.90154037548405e-05,2.6553121679470253e-05,-0.0017914033740069795
17.083,-3.9343628531767126e-05,2.6541464011509902e-05,-0.001797978965942795
17.102,-3.963206645511287e-05,2.6531215636824864e-05,-0.0018038730484438573
17.13,-3.989370139293505e-05,2.6521907649568632e-05,-0.0018093331966966837
17.184,-4.01379475218587e-05,2.6513203868203892e-05,-0.0018145491958276722
17.241,-4.035281391394296e-05,2.6505540498947253e-05,-0.0018192530020269347
17.255,-4.0547934544113337e-05,2.6498574268825255e-05,-0.001823637876560358
17.287,-4.07303150510183e-05,2.6492051606730123e-05,-0.0018278546016851458
17.308,-4.0890981512360384e-05,2.648629227214002e-05,-0.0018316836635388556
17.34,-4.103710127312039e-05,2.648104600172511e-05,-0.0018352783934744204
17.393,-4.11739051059198e-05,2.647612783681085e-05,-0.0018387609103869367
17.447,-4.1294635457926006e-05,2.6471777647798462e-05,-0.0018419473464152706
17.465,-4.140465251265405e-05,2.6467800103269658e-05,-0.0018449616866784888
17.496,-4.1507875406608925e-05,2.646406186566238e-05,-0.0018479049886885267
17.508,-4.159918326831318e-05,2.646074372094293e-05,-0.001850619556269312
17.531,-4.168259192005735e-05,2.6457708739495926e-05,-0.0018532078107988625
17.582,-4.176106708940976e-05,2.6454834689191996e-05,-0.0018557553441293185
17.639,-4.183068754068388e-05,2.6452278775622863e-05,-0.0018581236579554147
17.664,-4.189448600304939e-05,2.6449931861883065e-05,-0.0018603993387168068
17.687,-4.195471762644939e-05,2.6447697937910454e-05,-0.0018626566259712686
17.701,-4.20083532234461e-05,2.6445703490659852e-05,-0.0018647710920960698
17.746,-4.2057693530199985e-05,2.6443862180263775e-05,-0.0018668177001620867
17.801,-4.210447192099137e-05,2.6442104111938033e-05,-0.0018688623653880855
17.845,-4.214631577366324e-05,2.6440517830937236e-05,-0.0018707909583801012
17.862,-4.21849927893036e-05,2.6439046845022628e-05,-0.0018726699173813165
17.906,-4.2221843850762346e-05,2.6437637556991567e-05,-0.0018745590601912166
17.938,-4.2254989647895296e-05,2.643636006691376e-05,-0.0018763517806063687
17.951,-4.2285797001684064e-05,2.6435160433637065e-05,-0.00187810827280768
17.989,-4.231532404198776e-05,2.643400200209923e-05,-0.0018798838940047298
18.032,-4.234204476178551e-05,2.643294243799645e-05,-0.001881577520899223
18.078,-4.2367038595149615e-05,2.6431946709365403e-05,-0.0018832447795453444
18.094,-4.239115212283883e-05,2.64309786151489e-05,-0.001884937772793124
18.142,-4.2413124563543286e-05,2.6430084880247195e-05,-0.0018865593587565623
18.154,-4.243381536429487e-05,2.6429235111563916e-05,-0.0018881618287020765
18.17,-4.245392850335487e-05,2.642840205878699e-05,-0.0018897949176613124
18.19,-4.2472387925407606e-05,2.6427624444259694e-05,-0.001891364359940619
18.246,-4.248989540992692e-05,2.6426884795513936e-05,-0.0018929200210314396
18.294,-4.250704032022715e-05,2.642614632479003e-05,-0.0018945099185398388
18.357,-4.252289033487749e-05,2.64254620450392e-05,-0.0018960418527735245
18.37,-4.2538036848309985e-05,2.642479735649625e-05,-0.0018975639283884396
18.408,-4.255297793385101e-05,2.6424133994062675e-05,-0.0018991229276120478
18.421,-4.256688798274205e-05,2.642351395567809e-05,-0.0019006281171386888
18.469,-4.258027662109043e-05,2.64229083772332e-05,-0.0019021263343155085
18.484,-4.259357358476752e-05,2.6422298114541894e-05,-0.0019036634757053444
18.511,-4.2606042532725055e-05,2.6421721461106226e-05,-0.0019051498376490945
18.563,-4.261811937451053e-05,2.6421153279850472e-05,-0.0019066313496687915
18.608,-4.263018575995044e-05,2.6420581224383944e-05,-0.0019081532837528455
18.62,-4.2641569140534953e-05,2.6420038247330034e-05,-0.0019096266409194336
18.652,-4.265265670347418e-05,2.6419505450849838e-05,-0.0019110967092197508
18.674,-4.266380252758713e-05,2.641895873533442e-05,-0.0019126083270326112
18.718,-4.267436776345363e-05,2.6418438535390967e-05,-0.0019140729626782108
18.771,-4.268471162521953e-05,2.641792268350903e-05,-0.001915535457522857
18.79,-4.2695155027375096e-05,2.6417395187748836e-05,-0.0019170403567261658
18.812,-4.270509936377934e-05,2.6416893999010552e-05,-0.0019184994212423717
18.837,-4.271487266354697e-05,2.6416393184860432e-05,-0.0019199571897855294
18.877,-4.2724780474583216e-05,2.6415880997873914e-05,-0.00192145801698558
18.915,-4.27342502952368e-05,2.641538643205046e-05,-0.001922913828098649
18.972,-4.274358595871029e-05,2.6414897329770423e-05,-0.0019243689650052724
18.992,-4.275307697372526e-05,2.641439414179852e-05,-0.0019258676678388514
19.016,-4.276217375575537e-05,2.6413907448009743e-05,-0.0019273219310074526
19.04,-4.277116795408605e-05,2.6413426110702386e-05,-0.0019287759774812918
19.077,-4.278033458290264e-05,2.6412924702105852e-05,-0.0019302739882165567
19.151,-4.278913885982365e-05,2.641244459240354e-05,-0.0019317279588596423
19.165,-4.2797858647756694e-05,2.6411967569051998e-05,-0.0019331820490311727
19.183,-4.28067626482813e-05,2.6411469431029423e-05,-0.0019346804234500756
19.203,-4.281533152597835e-05,2.6410993726038196e-05,-0.0019361350254626238
19.252,-4.28238302355272e-05,2.6410512669711553e-05,-0.0019375899952186338
19.295,-4.28325239910469e-05,2.6410020161701057e-05,-0.0019390895096548975
19.309,-4.2840894866305666e-05,2.6409543320751522e-05,-0.0019405454238239266
19.342,-4.284921347900984e-05,2.640906671994668e-05,-0.0019420018885130223
19.358,-4.28577248527768e-05,2.6408573121382714e-05,-0.0019435031156597262
19.417,-4.286593636770662e-05,2.6408094142975454e-05,-0.0019449608437130815
19.465,-4.287409856311715e-05,2.6407616471153086e-05,-0.0019464192569611802
19.478,-4.2882458172783554e-05,2.6407124181811647e-05,-0.0019479226194972366
19.516,-4.2890526994261785e-05,2.6406644121507726e-05,-0.0019493825316212303
19.529,-4.2898555490453286e-05,2.6406161813844507e-05,-0.001950843228592049
19.559,-4.2906782013835665e-05,2.6405670107455557e-05,-0.0019523490380626081
19.612,-4.291472671736624e-05,2.640519038463227e-05,-0.001953811408050761
19.66,-4.29226331753654e-05,2.6404706199124945e-05,-0.001955274636497946
19.673000000000002,-4.293073976788723e-05,2.640420620361863e-05,-0.0019567831236367923
19.722,-4.293857166901017e-05,2.640372675200919e-05,-0.0019582481539464325
19.734,-4.294636679440357e-05,2.6403240405113044e-05,-0.001959714096970888
19.778,-4.2954366002076474e-05,2.6402742122693263e-05,-0.0019612254330795002
19.828,-4.296208972960945e-05,2.640225836133763e-05,-0.0019626932735403303
19.863,-4.2969783345533535e-05,2.6401771271169405e-05,-0.0019641620676925
19.884,-4.297767728893629e-05,2.640127108769556e-05,-0.001965676379620713
19.902,-4.298530693474477e-05,2.6400782648951176e-05,-0.001967147142333713
19.937,-4.2992902355341867e-05,2.6400292845366566e-05,-0.001968618888820396
19.989,-4.300070053058404e-05,2.6399785307657914e-05,-0.001970136271871564
20.036,-4.300823471205106e-05,2.639929396761604e-05,-0.0019716100404698175
20.063,-4.301573752032638e-05,2.6398803748839874e-05,-0.001973084815594093
20.105,-4.302344176034869e-05,2.6398295474332125e-05,-0.001974605340567477
20.122,-4.3030883501985404e-05,2.6397801000728543e-05,-0.0019760821780903863
20.14,-4.303829865142464e-05,2.6397303213309588e-05,-0.0019775600393475853
20.192,-4.304590459633822e-05,2.639679692002976e-05,-0.0019790837598538513
20.262,-4.305326219790233e-05,2.6396296839155865e-05,-0.0019805637138194383
20.273,-4.3060589759901543e-05,2.6395797887426377e-05,-0.0019820447045713293
20.302,-4.306810702893815e-05,2.6395284555975202e-05,-0.001983571662049523
20.312,-4.307537163620739e-05,2.639478577603842e-05,-0.0019850547688523516
20.355,-4.3082614000120704e-05,2.6394279634445053e-05,-0.0019865389225819413
20.372,-4.309004064102026e-05,2.6393762615096977e-05,-0.0019880691485673818
20.414,-4.309722280115005e-05,2.6393258574067637e-05,-0.0019895554363349656
20.472,-4.310437541291799e-05,2.639275563639933e-05,-0.0019910427789400077
20.487,-4.311171496351461e-05,2.6392231387646847e-05,-0.001992576297926962
20.521,-4.311880940155525e-05,2.639172411828858e-05,-0.001994065788960344
20.545,-4.3125874326675e-05,2.6391217841860915e-05,-0.001995556341104682
20.585,-4.313312582185255e-05,2.6390692411652713e-05,-0.0019970931731284904
20.647,-4.314013666266563e-05,2.639017711057009e-05,-0.0019985858850254832
20.662,-4.31471157774588e-05,2.638967010741848e-05,-0.0020000796630688577
20.695,-4.315427695242291e-05,2.6389141359252877e-05,-0.002001619823793551
20.708,-4.3161201920473616e-05,2.6388625372030357e-05,-0.0020031157710061146
20.755,-4.316809506971099e-05,2.63881083569278e-05,-0.002004612788531616
20.809,-4.317516751059872e-05,2.6387578916427075e-05,-0.00200615629119726
20.826999999999998,-4.3182004619145365e-05,2.638705954058048e-05,-0.0020076554855252685
20.865,-4.318881206588248e-05,2.6386541142310084e-05,-0.0020091557539001275
20.882,-4.3195797738344975e-05,2.6386003787626674e-05,-0.0020107026095254814
20.917,-4.3202548908261256e-05,2.6385483032480027e-05,-0.0020122050615019164
20.972,-4.320926805156907e-05,2.638496123592051e-05,-0.0020137085905735166
20.996,-4.321616202863998e-05,2.6384421158686583e-05,-0.0020152588086829013
21.011,-4.322282860368447e-05,2.6383892365037225e-05,-0.002016764527299739
21.055,-4.322946075330601e-05,2.6383369798460067e-05,-0.002018271325539496
21.079,-4.3236267075014276e-05,2.6382821776588197e-05,-0.0020198249150288937
21.106,-4.324284005541102e-05,2.638229469135628e-05,-0.002021333908243373
21.164,-4.324938696614158e-05,2.6381764099732587e-05,-0.00202284398353837
21.184,-4.3256103362276516e-05,2.6381214817018527e-05,-0.0020244009515618926
21.226,-4.3262588978241944e-05,2.6380686265381363e-05,-0.002025913226761766
21.25,-4.326904609239191e-05,2.6380152201230523e-05,-0.002027426586361627
21.264,-4.3275671478250405e-05,2.6379602128529304e-05,-0.002028986940369591
21.326,-4.328207095221653e-05,2.6379065592064657e-05,-0.002030502504196104
21.384,-4.3288441219339665e-05,2.637852413103996e-05,-0.0020320191545385832
21.409,-4.3294973233321484e-05,2.6377970713085486e-05,-0.002033582901307564
21.44,-4.3301281422886796e-05,2.637743127741562e-05,-0.0020351017601682097
21.47,-4.330755945587062e-05,2.637689230524275e-05,-0.0020366217075075263
21.49,-4.3314001006217745e-05,2.6376331514684857e-05,-0.0020381888535569983
21.514,-4.3320220069390905e-05,2.6375790626074335e-05,-0.0020397110133221954
21.551,-4.332641002585183e-05,2.6375244164767107e-05,-0.0020412342641129137
21.586,-4.3332757437889364e-05,2.6374679434488314e-05,-0.002042804815543326
21.661,-4.333888801838099e-05,2.6374131142009275e-05,-0.0020443302824288893
21.671,-4.334498799251121e-05,2.6373583229983195e-05,-0.0020458568421486863
21.701999999999998,-4.335123962613801e-05,2.637301569741069e-05,-0.0020474308045516885
21.717,-4.335727978771377e-05,2.637246588643199e-05,-0.002048959584265522
21.745,-4.336328638945648e-05,2.6371915039188462e-05,-0.002050489458593364
21.772,-4.336944428919693e-05,2.637134615785883e-05,-0.002052066838147722
21.8,-4.337539291511472e-05,2.6370786305332213e-05,-0.0020535989365455904
21.865,-4.33813082300003e-05,2.637023395504429e-05,-0.002055132131072563
21.892,-4.3387373518111104e-05,2.6369657138751307e-05,-0.0020567129333995174
21.938,-4.339322589831939e-05,2.636910094743032e-05,-0.0020582483557751805
21.959,-4.339904877701042e-05,2.6368538626701847e-05,-0.0020597848760248237
22.0,-4.34050184643355e-05,2.6367960944112477e-05,-0.0020613691068327934
22.026,-4.3410780188191435e-05,2.636739662696326e-05,-0.0020629078584982075
22.055,-4.341650995612583e-05,2.6366833366294587e-05,-0.002064447710503122
22.097,-4.3422381589499065e-05,2.636625226765449e-05,-0.0020660353751921676
22.116,-4.3428050259788856e-05,2.6365686521771403e-05,-0.002067577461694538
22.155,-4.343368848141962e-05,2.636511527659732e-05,-0.002069120650080913
22.182,-4.3439461376705635e-05,2.6364530711756734e-05,-0.0020707117549074337
22.212,-4.344503351018283e-05,2.636396200170938e-05,-0.002072257181729727
22.265,-4.345057774136864e-05,2.636338925040326e-05,-0.002073803711836993
22.282,-4.3456254694245334e-05,2.636279729882686e-05,-0.0020753982616681936
22.314,-4.346173010908446e-05,2.6362225075023604e-05,-0.0020769470342767633
22.341,-4.3467176899716185e-05,2.636164935436334e-05,-0.002078496911957918
22.37,-4.347275591345727e-05,2.636105596207056e-05,-0.0020800949122661842
22.417,-4.347814020044447e-05,2.6360477713281488e-05,-0.002081647035792139
22.474,-4.348348934691236e-05,2.635989844603273e-05,-0.002083200266334182
22.496,-4.3488971508103444e-05,2.6359297106149114e-05,-0.0020848017227451084
22.505,-4.3494257183748494e-05,2.6358715901260542e-05,-0.0020863572025851098
22.537,-4.349951200782259e-05,2.635812860851571e-05,-0.002087913790830307
22.57,-4.3504890277359024e-05,2.6357530953642918e-05,-0.0020895187088816264
22.594,-4.3510081141302345e-05,2.635694159526623e-05,-0.002091077550264042
22.666,-4.3515235136973795e-05,2.6356357253171117e-05,-0.0020926375021449043
22.68,-4.3520516336455413e-05,2.6355745684020676e-05,-0.0020942458870672597
22.711,-4.3525605904991125e-05,2.6355159329975694e-05,-0.002095808095231635
22.759,-4.353066364669774e-05,2.635456748073753e-05,-0.002097371415620184
22.807,-4.353584454372136e-05,2.635395397017412e-05,-0.0020989832730562027
22.858,-4.354083736224595e-05,2.635336011699712e-05,-0.0021005488530370956
22.872,-4.354579461881624e-05,2.6352764704672436e-05,-0.002102115547244337
22.891,-4.355087116325841e-05,2.63521482184043e-05,-0.002103730882529627
22.929,-4.355576528715869e-05,2.6351552872350974e-05,-0.0021052998398216716
22.963,-4.356062485011171e-05,2.6350949926349003e-05,-0.0021068699131589885
23.021,-4.356559905917967e-05,2.6350331959872504e-05,-0.0021084887315648664
23.065,-4.3570391485637214e-05,2.634973308189567e-05,-0.0021100610715288856
23.105,-4.357515139822029e-05,2.634912857728297e-05,-0.0021116345292636575
23.125,-4.358001974789414e-05,2.6348507628127846e-05,-0.002113256836292909
23.154,-4.358471151155892e-05,2.634789867483495e-05,-0.0021148325638767115
23.181,-4.358937228847329e-05,2.634728665854776e-05,-0.002116409410657869
23.199,-4.359413729318682e-05,2.6346663723207974e-05,-0.00211803521183445
23.245,-4.3598727667656414e-05,2.6346053691556014e-05,-0.0021196143324582607
23.268,-4.360328500591944e-05,2.634543809546106e-05,-0.0021211945737742714
23.289,-4.360794671635982e-05,2.6344807712856496e-05,-0.0021228238743890714
23.323,-4.36124331760712e-05,2.6344194148818855e-05,-0.0021244063929076245
23.374,-4.3616888116292094e-05,2.634357754011625e-05,-0.002125990034406866
23.411,-4.362144398944692e-05,2.6342937119887745e-05,-0.0021276228394882047
23.445,-4.362582755622141e-05,2.634232253721588e-05,-0.0021292087616758223
23.457,-4.3630180390268736e-05,2.6341703775640207e-05,-0.0021307958079835035
23.487,-4.363462963724864e-05,2.634106239172095e-05,-0.002132432123118469
23.51,-4.363890956930964e-05,2.6340437662336682e-05,-0.002134021453623848
23.566,-4.3643160303456424e-05,2.633981140913308e-05,-0.0021356119102127783
23.597,-4.364750039047917e-05,2.6339166567363858e-05,-0.0021372517406299356
23.651,-4.3651676431457647e-05,2.6338540179968157e-05,-0.0021388444847293456
23.682,-4.365582024876648e-05,2.6337910855487608e-05,-0.002140438356582803
23.727,-4.3660052667710205e-05,2.6337264535967207e-05,-0.002142081707509519
23.76,-4.3664125334338415e-05,2.6336630568420175e-05,-0.0021436778704915413
23.785,-4.366816247944702e-05,2.6335997025427602e-05,-0.0021452751628164715
23.814,-4.367228772120043e-05,2.6335343211223315e-05,-0.0021469220396896503
23.861,-4.367625501259322e-05,2.63347077113677e-05,-0.002148521626704154
23.863,-4.368018372726358e-05,2.6334071145167054e-05,-0.002150122344555604
23.917,-4.368419694314516e-05,2.633341436830598e-05,-0.002151772752632662
23.933,-4.368805575688941e-05,2.633277514981644e-05,-0.0021533757686049058
23.951999999999998,-4.36918821240529e-05,2.6332132477642508e-05,-0.0021549799171753786
23.973,-4.369578706149227e-05,2.633146758541867e-05,-0.0021566338616771804
24.003,-4.3699538453376534e-05,2.63308274179287e-05,-0.0021582403118409056
24.077,-4.3703255347153874e-05,2.6330181046254987e-05,-0.0021598478963551684
24.114,-4.3707047197195594e-05,2.632951262659293e-05,-0.002161505382708981
24.15,-4.3710692640484024e-05,2.6328864268150417e-05,-0.0021631152719543308
24.167,-4.371429877114876e-05,2.6328214819510192e-05,-0.002164726297219983
24.215,-4.371798025289773e-05,2.6327538880625304e-05,-0.002166387330170834
24.232,-4.372151493283666e-05,2.6326886840078965e-05,-0.002168000663927308
24.265,-4.372501180978564e-05,2.6326236395793706e-05,-0.0021696151353883374
24.276,-4.372858084629456e-05,2.63255588751723e-05,-0.002171279720509699
24.31,-4.373200802729887e-05,2.6324898692699476e-05,-0.0021728965038358763
24.349,-4.373539716177028e-05,2.632424008273123e-05,-0.0021745144261867476
24.393,-4.373885067612365e-05,2.6323559001925503e-05,-0.002176182568939545
24.472,-4.374216320644509e-05,2.632290219328952e-05,-0.0021778028063891533
24.503,-4.374544377104603e-05,2.6322235357412406e-05,-0.0021794241850144813
24.523,-4.374878044060549e-05,2.6321551286210446e-05,-0.0021810958902135705
24.546,0.02341898083463993,3.390517791568813e-05,-0.06530951076558432
24.563,0.0471239180425446,8.225299613260142e-05,-0.13351685010106248
24.59,0.07184944520683652,0.00011096350463083056,-0.20983696723561057
24.638,0.09609513779716801,0.0001135669538430209,-0.2784139788427748
24.655,0.12017833170972561,0.0001286289813403757,-0.3270425322296476
24.684,0.14414697094503554,0.00014444743472800947,-0.34771071375791024
24.72,0.1571299545039814,6.270277086965065e-05,-0.17896093194904067
24.785,0.17651462507067187,5.482678992777684e-05,-0.12744877673573324
24.807,0.1859787225106779,-3.5254830977278495e-05,-0.15185838738420152
24.823,0.17747549876679977,0.00028907718061957355,-0.22952454164296437
24.865,0.1782340725726651,0.0002443661526899052,-0.23552477151844392
24.901,0.18296934220032424,0.00024976829593474636,-0.2897522636310138
24.917,0.19206164352874838,0.00020178200253539308,-0.36985826094730667
24.946,0.20107942194539585,0.00029973786099808664,-0.46720071577953437
25.008,0.200668573664604,0.00028176222346316254,-0.4735918220404389
25.064,0.2114493127245795,0.00046416492973357093,-0.7313372256827367
25.1,0.21065559684268167,0.00036370973674870744,-0.7474126678441311
25.131,0.21196009513088565,0.0003615295406952518,-0.7310621770223381
25.151,0.22202880518870544,0.00032128854012485053,-0.7972950522443228
25.174,0.22661664178962768,0.0002285784034984084,-0.7350457637847366
25.202,0.22652235484389469,0.0004392020217505177,-0.7330653256317645
25.234,0.22569003444493296,0.0004166006845717912,-0.6883722906224364
25.267,0.22469250027545257,0.00028070325996529255,-0.676085622405832
25.285,0.22581108799229546,0.0003360282015149596,-0.6871310674237062
26.001,0.21294852761769434,0.0002136354481018371,-0.5580472899821395
26.052,0.21324108767740568,0.00023132638035662512,-0.5617534678098375
26.109,0.21342766993518825,0.00023598513335346127,-0.5628312521793108
26.181,0.1951033639133251,0.00010337376022338807,-0.283882717602805
26.216,0.214260331551889,0.00020830887601271109,-0.4285651315769742
26.287,0.2254519643928783,0.0002510642762556248,-0.5505102840144216
26.352,0.22467694243071196,0.00019658131724140104,-0.45777379318200057
26.415,0.22467802108989549,0.0001657936489423556,-0.45911113610482385
26.452,0.22442989464683594,0.00015211255198019358,-0.459649137666524
26.517,0.2165352972948222,0.00041871109228819314,-0.4367938095373013
26.564,0.21341939052156852,0.0020146056123360317,-0.44079502675044685
26.621,0.2111604604758502,1.4726201114992343e-05,-0.4261615962125037
26.639,0.21867878955474535,0.00018305365136625507,-0.4697288798958382
26.68,0.22402255991126024,0.0002729301011502733,-0.5107574050167074
26.714,0.2242065693979332,0.000220413458831073,-0.5113780786230285
26.732,0.22355626618237984,0.0001954570404386624,-0.41926892804254856
26.749,0.22372653745050264,0.0001864622505800273,-0.4199463148114573
26.773,0.22391681353920462,0.000183623153938009,-0.4205893769170623
26.812,0.21135638171179788,9.234593218668263e-05,-0.2991194912117554
26.852,0.2115541277025279,0.00012181487672571767,-0.2993822772223671
26.891,0.21161005023439458,0.00010789071074476797,-0.29844799558277435
26.919,0.22005422467763242,0.00012869565582680764,-0.337651310647793
26.933,0.22197322446852197,0.00032413034226354276,-0.35782038804094957
26.964,0.22088495348724946,0.00013076312862903006,-0.3453104891238774
26.983,0.21049111198336712,0.0001243678804300069,-0.3134777123820997
26.993,0.2039279917369046,-1.0547799498730748e-05,-0.0858197905907278
27.036,0.212629749814038,0.0002845472275019162,-0.21724033225996578
27.076,0.20839842517495444,6.50627285698202e-05,-0.20778076467173323
27.095,0.20981170913465763,5.809886892292615e-05,-0.19062601897388504
27.106,0.20985227663938621,0.00010860991223701766,-0.1930727308295199
27.144,0.21414169781575815,5.237689813238078e-05,-0.0421343299628298
27.164,0.22208793754143916,0.0001709718061642801,-0.22105615153852523
27.195,0.22218743668965615,0.00010565561145362001,-0.22105167562154862
27.217,0.2216021731294439,7.272418772961975e-05,-0.1405752661837352
27.266,0.22159889229015203,5.520623200376551e-05,-0.1387790090066689
27.307,0.22144073045349613,1.912227303800529e-05,-0.1352377392037585
27.341,0.2147213283947168,0.00023043579357123756,-0.15176130317792802
27.36,0.21066442416383502,0.00012545481967579653,-0.1385708964145583
27.383,0.2093985257339535,8.839736568853895e-05,-0.12305787457681037
27.415,0.21476785934058423,-1.3076224181826634e-05,-0.01825439162419548
27.466,0.22117576100911152,8.088772060539651e-05,-0.12065082965856133
27.484,0.22067475434729578,0.0002092210647895304,-0.1280178654739696
27.517,0.2141250016306802,0.00011553137505747324,-0.08341695932140661
27.559,0.20923757068093474,0.0001382841014368752,-0.15654998526137978
27.582,0.20957977126419444,0.00010803584885754614,-0.1531639253235164
27.615,0.20324636097898197,1.817408101838225e-05,-0.016925809523131587
27.653,0.19824444320543289,5.498629473500716e-05,-0.1425484256921344
27.683,0.1983492070202294,6.789863437169086e-05,-0.14237511355050345
27.718,0.20876324142743505,-3.1545867427484886e-05,0.0022675814820983125
27.738,0.208608783590861,-7.5023589644618305e-06,0.005164175781745748
27.756,0.2083824606994764,3.1706951783144754e-06,0.009572024519867198
27.786,0.21374785353530276,1.508853184847836e-05,0.16045553538724047
27.813,0.21517053004054804,7.011568122766709e-05,0.14502584150129005
27.819,0.21925397307287045,1.6956285203789667e-05,0.10111054629961705
27.894,0.21090216971666823,5.651042023503694e-05,-0.061969365320501756
27.913,0.21976547540538488,8.16667253226988e-06,-0.04562061275778353
27.958,0.22015641867676394,0.00018200214005460735,-0.04388944810585607
27.997,0.21983490119625398,3.0051621779825233e-05,-0.08156310883728785
28.026,0.22046984351686771,0.0001254063302638525,-0.0758065778647441
28.065,0.22058396246211692,4.067910125347962e-05,-0.07683334890935882
28.076,0.22089751574104077,7.462982080774783e-05,-0.09607934713231682
28.124,0.22105106310171568,5.49563432184208e-05,-0.0963087831212966
28.143,0.22112093310040024,3.9376313705319355e-05,-0.0954151949903252
28.166,0.22034982904962655,1.874910351340464e-05,-0.009605899561679766
28.205,0.22002132595647605,-3.412257561068166e-05,-0.004029579831508422
28.237,0.21846859584484846,3.7940317706791626e-05,0.015372245159547755
28.259,0.2081155801806268,-4.487901018691842e-05,-0.08296931609806087
28.291,0.20887400538690246,-2.0814915125566547e-05,-0.08958091319815673
28.331,0.20917932802633937,4.113252273517387e-05,-0.09204190668682236
28.372,0.21968793730033404,1.721263970792808e-05,-0.04309872076086835
28.397,0.2202258664271071,2.8325550963784196e-05,-0.03962435800560578
28.428,0.21995124419975376,0.00019964348445866698,-0.04715695779538377
28.456,0.219380244047101,4.770906385320739e-05,-0.06816873715303824
28.502,0.22022703090616189,0.00011772032481992267,-0.059391305368371845
28.517,0.2205169836806528,3.472084695876898e-05,-0.05805268375048107
28.548000000000002,0.22000534114758225,2.6704340694905238e-05,0.015024619068328996
28.576,0.2201068902495641,-1.7068405396766795e-05,0.015440237908564218
28.607,0.22005811318632443,-1.3758374569072807e-05,0.01784004919112769
28.644,0.22005605396829625,-1.7180026853275132e-05,-0.000570114710479036
28.674,0.21876883272020797,4.2545580926076076e-05,0.01578542959893169
28.721,0.21878707979074774,2.8393870645140873e-05,0.016383184902967987
28.736,0.2199637356435249,9.4214783486396e-05,-0.01701252914309252
28.754,0.22004384001476648,1.9393404680656534e-05,-0.017127664858658628
28.778,0.2201346312923505,1.4508569158716567e-05,-0.018788177681857827
28.789,0.22029608390521813,8.559017957848747e-07,-0.038034595390019854
28.83,0.220188883821487,0.0001836650215356339,-0.042975248452473275
28.862,0.21907276673735143,1.6687543138910188e-05,-0.06147927893320384
28.896,0.2049631885597018,1.7258140245807185e-05,0.0008994158960383409
28.967,0.20870469059332986,6.831036695607862e-05,-0.05176737371565637
28.989,0.20897397390085104,4.3019439930763737e-05,-0.05060163618160784
29.02,0.20917923490959095,2.6556999587937224e-05,-0.06341564033122728
29.058,0.20914658279475648,2.9305105300914125e-05,-0.06152523759306421
29.072,0.20898881996205212,-8.111919502562515e-06,-0.05811010176781274
29.104,0.21480169658203424,0.00017093878325730172,0.050925078029950034
29.128,0.2144879511123483,9.639896831682704e-05,0.05560286538755024
29.159,0.21820920406710453,2.2892662145265752e-05,0.01438856155208355
29.191,0.2199283461469428,9.506038316550725e-06,-0.014966331810247407
29.218,0.22007088999938373,2.041429239074688e-05,-0.015659520343384272
29.247,0.22015504092490826,1.8226691133743644e-05,-0.017812555162494387
29.279,0.2203890790462176,6.115566635402081e-05,-0.04051492402333455
29.303,0.2200889225794411,0.000163585526764376,-0.04824523882581135
29.333,0.21952613123064146,6.071965410014979e-05,-0.05855726524234341
29.347,0.19936115461975232,-7.107080500472207e-05,0.0784026929919253
29.381,0.20713545592243948,0.00011715766124227589,-0.07438776082039347
29.405,0.20906437443263373,3.484331770377269e-05,-0.056176517368849245
29.428,0.218641539117987,4.4125266936451135e-05,-0.06237690508078575
29.465,0.22043663207220918,-1.3595274043515237e-05,-0.047223796594930686
29.513,0.22002155484643168,0.00016172870034554532,-0.04063530480658244
29.57,0.21865457531449425,5.146862263991081e-05,0.016756866903126832
29.588,0.21999065809489177,0.00012674344431358453,0.0033952781777951326
29.649,0.21975294346306187,2.744133183271713e-05,0.007193792930438742
29.675,0.20685842496047868,7.17226679219779e-05,-0.06288902792236985
29.698,0.20845652319719776,1.3980898066701108e-05,-0.0015263998876880497
29.737,0.2085205452638292,1.592671531855383e-05,-0.003779053864754234
29.775,0.21845763975317434,4.9740714707230405e-05,-0.059104862933415964
29.803,0.21863314558617422,0.00016140310880460862,-0.06023768342273392
29.825,0.21871712702631288,9.184267569645188e-05,-0.0610976184722892
29.868,0.2197721438541308,-6.161032133554512e-05,0.025005303974001164
29.916,0.21986393742150526,-4.653424125491967e-06,0.02317331036304765
29.932,0.21991842003333234,-2.402411205001953e-05,0.024017857876893835
29.963,0.19930058652923938,-3.0593648598364886e-06,-0.10591433589293729
29.983,0.20809497975115482,1.0216846179217365e-05,0.028795037174382414
30.023,0.20696931406520946,4.6177440083228216e-05,0.04340320909058703
30.047,0.20446019754023514,7.422690370655072e-05,-0.019365334958954983
30.079,0.21644182650561616,-5.951589033494076e-05,0.08679327961949708
30.099,0.21931867926136406,-2.5888706137455753e-06,0.05608300260427987
30.125,0.2083643703523102,4.92890110845301e-05,-0.004097004682696698
30.176,0.20851793963394571,1.1937697431560479e-05,-0.0056641238298420025
30.237,0.20854444388592763,9.06425741517558e-06,-0.008481312634870591
30.275,0.2174944903010106,0.00026648421995260907,-0.09334557564466434
30.29,0.21683586332977317,4.180523829039329e-05,-0.10532718738132503
30.312,0.21875144807443322,8.534190886175241e-05,-0.07980671345347848
30.364,0.19782112258938714,-4.5716565613279636e-05,9.678202219374961e-05
30.392,0.20849477749425016,0.0001186925733382832,-0.039100334912797144
30.425,0.2088948337098611,2.3641980041677613e-05,-0.042135065406470704
30.483,0.20837452059952444,-3.13990849388629e-05,0.01982390076736019
30.524,0.20805132217027417,0.00016006248542191348,0.025486928859793492
30.548000000000002,0.20607149197313052,1.4000818248427471e-05,0.049481075455163885
30.562,0.21132832977242885,6.743396646670397e-05,0.08383017927947363
30.591,0.21867719701449806,-0.00010115436681266965,0.057591106388520934
30.615,0.2194278341946275,1.0415408371600154e-06,0.05156002389679749
30.649,0.2201468729189585,1.018217985863934e-05,-0.016419938444054663
30.686,0.22023145765608132,1.991846383826712e-05,-0.018515852723221413
30.723,0.2202451503929674,4.6227377878307885e-05,-0.021703129186304286
30.736,0.22002391617821354,0.00015313121910778826,-0.08567170362772225
30.769,0.21986964572368298,0.00010415467081718865,-0.090418005839912
30.786,0.22052532342354753,5.8946239979096315e-05,-0.08389351273567536
30.84,0.22073692384100202,4.0241719222011696e-05,-0.0705512217066792
30.862,0.22075398116391998,2.9999301043609483e-05,-0.06967219617805459
30.898,0.22063692092439982,6.631100968573778e-06,-0.06680646749193143
30.934,0.21896868478387208,0.00012345987640302591,0.027768926609922723
30.948,0.21737051528009146,2.8578045084964865e-06,0.04738120099402505
30.985,0.21902928381542464,1.736129645536766e-05,0.030201792490780897
31.019,0.2193986048907888,2.6469087901492827e-06,0.04265501054733964
31.062,0.21949823655992828,8.419029610184925e-06,0.04296092071037532
31.094,0.2196305385006226,-4.2544110080700026e-07,0.04256121447199035
31.099,0.22030067134900094,8.329636504975091e-06,-0.02244741108782129
31.139,0.22031671730166724,5.710054190255498e-06,-0.02552719917306276
31.162,0.22021939937588575,0.00017439185323439577,-0.03018292514731602
31.185,0.2206842625225365,0.0001317569382783823,-0.10479660064302787
31.243,0.22086179653044313,0.00012346474382426975,-0.10476846836558609
31.277,0.22100478741087617,6.415861399386436e-05,-0.10434056512061053
31.307,0.22074108108910043,4.3328292582620054e-05,-0.07091461347793077
31.354,0.22062213722485474,1.4665915027217702e-05,-0.06816393630323636
31.39,0.22025503693441323,0.00013648003445658474,-0.0622265844177257
31.406,0.2202413344777784,8.19470391953403e-05,0.015126402951197255
31.472,0.2195239614762935,6.980588206542682e-06,0.023721784430272588
31.493,0.21953264047309676,9.872913000433248e-06,0.025731368720913007
31.534,0.21997748625927144,8.673943205819712e-06,-0.014285146538042519
31.558,0.220146425307552,2.0683232571011567e-05,-0.014907657504982711
31.601,0.22028442402513101,1.2737924185671212e-05,-0.016232821526264454
31.638,0.22018691746331695,1.4526614904794566e-05,-0.0037583572857551066
31.675,0.22017135585880643,0.000107661156001429,-0.00706052153728723
31.71,0.21917684420680522,4.032943525852928e-05,-0.024394117165421222
31.743,0.20990496174771137,7.998309620520228e-05,-0.014293801940194936
31.766,0.20870660505825597,8.09966723149258e-05,-0.03362767358479887
31.799,0.20878864188996302,8.543249915421436e-06,-0.03225485932667489
31.831,0.2204422746937973,3.709747414121223e-05,-0.014717704845650327
31.869,0.21971968272066603,-2.6014036671448415e-05,-0.0051953127792571255
31.925,0.21824248095597143,5.304610302407642e-05,0.013899764802576384
31.946,0.21921427997098336,6.57012862927131e-06,0.03181343449301289
31.974,0.21942925094530608,-1.496544575420311e-05,0.031440536653491044
32.024,0.2195436052552377,1.3673696653809797e-05,0.031843492768586244
32.043,0.19740222091095347,-9.182569993229639e-06,-0.02104359809709056
